FILE_VERSION	2.0.0
NO_OF_FRAMES	1459
NO_OF_CAMERAS	2
NO_OF_MARKERS	2
FREQUENCY	500
DESCRIPTION	--
TIME_STAMP	2025-11-14, 16:04:39.700	61267.70927280
DATA_INCLUDED	3D
MARKER_NAMES	New 0000	New 0001
TRAJECTORY_TYPES	Measured	Measured
10.777	439.284	399.486	337.808	472.244	397.942
10.662	439.273	399.623	337.495	472.278	397.771
10.668	439.238	399.664	337.183	472.221	397.897
10.684	439.318	399.754	336.874	472.217	397.869
10.704	439.385	399.695	336.591	472.255	397.833
10.717	439.164	399.499	336.277	472.122	397.838
10.625	439.228	399.606	335.987	472.126	397.881
10.775	439.254	399.599	335.724	472.077	397.796
10.539	439.359	399.665	335.404	472.039	397.880
10.568	439.302	399.760	335.104	472.010	397.923
10.673	439.144	399.680	334.818	471.978	397.796
10.659	439.226	399.891	334.470	471.936	397.852
10.651	439.235	399.688	334.168	471.920	397.867
10.595	439.223	399.637	333.882	471.982	397.861
10.704	439.180	399.727	333.598	471.834	397.924
10.639	439.170	399.664	333.289	471.817	397.925
10.574	439.256	399.758	332.977	471.871	397.835
10.655	439.246	399.671	332.669	471.744	397.913
10.678	439.155	399.470	332.375	471.723	397.886
10.656	439.134	399.656	332.082	471.791	397.895
10.695	439.183	399.716	331.776	471.646	397.945
10.741	439.096	399.567	331.490	471.619	397.932
10.724	439.200	399.781	331.145	471.714	397.815
10.642	439.225	399.868	330.854	471.564	397.921
10.684	439.169	399.722	330.561	471.631	397.987
10.645	439.154	399.646	330.283	471.588	397.848
10.690	439.190	399.734	329.989	471.469	397.927
10.773	439.122	399.615	329.690	471.523	398.007
10.682	439.181	399.722	329.395	471.515	397.869
10.702	439.232	399.478	329.111	471.291	397.947
10.702	439.242	399.902	328.776	471.429	398.000
10.780	439.137	399.628	328.491	471.385	397.847
10.674	439.179	399.758	328.157	471.344	397.991
10.720	439.194	399.798	327.872	471.305	397.980
10.769	439.120	399.633	327.617	471.308	397.870
10.716	439.199	399.769	327.346	471.104	397.950
10.710	439.206	399.787	327.010	471.242	398.004
10.724	439.085	399.544	326.725	471.197	397.880
10.645	439.153	399.693	326.415	471.129	397.953
10.675	439.163	399.710	326.095	471.149	397.917
10.715	439.170	399.738	325.840	471.146	397.808
10.653	439.169	399.705	325.514	471.094	397.882
10.733	439.082	399.508	325.221	471.066	397.915
10.620	439.142	399.658	324.941	471.041	397.778
10.699	439.078	399.509	324.660	471.020	397.896
10.594	439.174	399.797	324.343	470.952	397.929
10.696	439.179	399.763	324.088	470.955	397.792
10.669	439.062	399.492	323.759	470.859	397.854
10.617	439.208	399.833	323.479	470.838	397.971
10.564	439.175	399.780	323.165	470.866	397.779
10.535	439.149	399.715	322.848	470.796	397.896
10.609	439.207	399.821	322.555	470.699	397.944
10.649	439.159	399.722	322.267	470.749	397.807
10.567	439.100	399.604	321.947	470.641	397.940
10.655	439.065	399.498	321.653	470.613	397.945
10.650	439.077	399.517	321.382	470.639	397.866
10.558	439.183	399.798	321.024	470.628	397.887
10.609	439.124	399.615	320.724	470.587	397.879
10.611	439.146	399.646	320.527	470.514	397.897
10.724	439.128	399.622	320.172	470.569	397.839
10.607	439.140	399.664	319.862	470.524	397.911
10.559	439.184	399.798	319.592	470.475	397.789
10.615	439.189	399.707	319.307	470.474	397.914
10.631	439.166	399.699	318.978	470.414	397.915
10.671	439.235	399.554	318.699	470.371	397.779
10.617	439.289	399.707	318.395	470.412	397.821
10.635	439.172	399.682	318.055	470.320	397.851
10.591	439.164	399.671	317.822	470.318	397.814
10.545	439.397	399.772	317.506	470.340	397.799
10.588	439.201	399.862	317.162	470.222	397.843
10.610	439.310	399.726	316.910	470.194	397.793
10.566	439.153	399.683	316.592	470.240	397.750
10.579	439.155	399.677	316.308	470.228	397.935
10.492	439.299	399.736	315.974	470.092	397.704
10.564	439.291	399.638	315.703	470.162	397.731
10.528	439.142	399.607	315.359	470.044	397.833
10.607	439.186	399.695	315.104	469.983	397.798
10.603	439.218	399.744	314.807	470.026	397.770
10.580	439.226	399.834	314.493	470.029	397.928
10.473	439.424	399.536	314.181	470.003	397.744
10.558	439.303	399.657	313.900	469.926	397.795
10.465	439.297	399.571	313.563	469.905	397.861
10.508	439.430	399.582	313.284	469.874	397.784
10.429	439.272	399.493	312.984	469.839	397.808
10.521	439.224	399.609	312.694	469.922	397.958
10.405	439.395	399.442	312.321	469.933	397.807
10.542	439.383	399.646	312.107	469.854	397.863
10.509	439.262	399.538	311.767	469.739	397.901
10.497	439.347	399.558	311.460	469.801	397.862
10.448	439.353	399.518	311.173	469.848	397.928
10.453	439.443	399.704	310.853	469.621	397.860
10.556	439.325	399.705	310.590	469.686	397.933
10.501	439.144	399.620	310.301	469.644	397.879
10.491	439.273	399.563	309.947	469.509	397.834
10.544	439.347	399.789	309.655	469.566	397.851
10.456	439.314	399.499	309.405	469.353	397.809
10.542	439.287	399.633	309.048	469.392	397.822
10.530	439.273	399.638	308.766	469.431	397.853
10.539	439.271	399.602	308.511	469.324	397.799
10.481	439.352	399.757	308.180	469.260	397.839
10.499	439.230	399.543	307.866	469.326	397.843
10.506	439.247	399.556	307.597	469.195	397.881
10.543	439.274	399.632	307.329	469.098	397.912
10.506	439.180	399.776	307.023	469.044	397.838
10.511	439.288	399.616	306.751	469.006	397.835
10.467	439.282	399.701	306.401	469.052	397.863
10.590	439.061	399.482	306.108	469.012	397.817
10.505	439.188	399.776	305.823	469.007	397.864
10.499	439.122	399.590	305.544	468.877	397.896
10.513	439.158	399.662	305.243	468.843	397.837
10.569	438.974	399.413	304.930	468.909	397.899
10.520	439.172	399.674	304.643	468.773	397.890
10.606	439.198	399.790	304.308	468.843	397.911
10.519	439.147	399.643	304.022	468.804	397.909
10.516	439.283	399.646	303.719	468.697	397.901
10.518	439.267	399.645	303.420	468.650	397.842
10.481	439.127	399.614	303.100	468.715	397.920
10.516	439.167	399.691	302.803	468.603	397.898
10.509	439.266	399.633	302.501	468.632	397.974
10.519	439.180	399.674	302.213	468.618	397.973
10.555	439.213	399.516	301.911	468.492	397.909
10.595	439.101	399.590	301.600	468.540	397.972
10.513	439.159	399.661	301.323	468.632	398.042
10.541	439.185	399.726	301.016	468.487	397.935
10.503	439.171	399.650	300.687	468.496	397.957
10.549	439.079	399.501	300.421	468.545	398.012
10.546	439.187	399.661	300.094	468.374	397.893
10.468	439.128	399.573	299.814	468.549	398.013
10.468	439.128	399.573	299.500	468.433	397.942
10.500	439.155	399.620	299.192	468.483	398.000
10.467	439.132	399.573	298.886	468.355	397.915
10.434	439.160	399.700	298.598	468.414	397.958
10.531	439.160	399.683	298.291	468.379	398.002
10.444	439.141	399.615	298.005	468.345	397.973
10.521	439.172	399.672	297.710	468.324	397.960
10.452	439.114	399.548	297.384	468.187	397.920
10.553	439.002	399.420	297.145	468.143	397.854
10.447	439.122	399.567	296.852	468.144	397.919
10.486	439.226	399.609	296.547	468.096	397.963
10.479	439.149	399.614	296.233	468.098	397.839
10.489	439.140	399.625	295.992	467.977	397.880
10.469	439.160	399.603	295.641	468.017	397.856
10.529	439.056	399.447	295.381	468.006	397.885
10.433	439.124	399.573	295.073	467.971	397.817
10.465	439.154	399.621	294.773	467.868	397.863
10.517	439.170	399.643	294.483	467.797	397.822
10.433	439.127	399.574	294.173	467.780	397.782
10.434	439.114	399.573	293.865	467.757	397.856
10.466	439.149	399.621	293.577	467.736	397.830
10.488	439.300	399.658	293.270	467.700	397.848
10.461	439.157	399.639	292.955	467.676	397.881
10.442	439.274	399.617	292.669	467.637	397.854
10.450	439.284	399.630	292.375	467.615	397.871
10.402	439.276	399.590	292.013	467.623	397.850
10.453	439.297	399.612	291.782	467.546	397.892
10.424	439.238	399.516	291.424	467.579	397.828
10.484	439.298	399.676	291.141	467.453	397.873
10.408	439.261	399.571	290.867	467.440	397.904
10.431	439.255	399.576	290.573	467.412	397.893
10.396	439.292	399.609	290.204	467.473	397.936
10.415	439.274	399.583	289.967	467.398	397.873
10.402	439.281	399.590	289.671	467.320	397.877
10.434	439.311	399.637	289.369	467.310	397.939
10.407	439.273	399.572	289.088	467.278	397.872
10.437	439.279	399.635	288.781	467.254	397.890
10.431	439.299	399.654	288.395	467.400	397.922
10.386	439.263	399.566	288.166	467.189	397.901
10.425	439.310	399.626	287.840	467.331	397.866
10.402	439.277	399.589	287.557	467.125	397.897
10.392	439.252	399.547	287.268	467.220	397.851
10.384	439.279	399.567	286.990	467.146	397.878
10.429	439.315	399.655	286.659	467.132	397.885
10.380	439.283	399.585	286.390	467.180	397.895
10.386	439.268	399.566	286.080	467.053	397.824
10.369	439.295	399.573	285.780	467.029	397.914
10.397	439.330	399.639	285.488	467.155	397.897
10.402	439.379	399.603	285.220	466.971	397.867
10.346	439.367	399.551	284.882	467.015	397.967
10.353	439.285	399.550	284.587	467.057	397.887
10.304	439.384	399.525	284.333	466.869	397.856
10.256	439.429	399.467	283.966	466.921	397.958
10.382	439.304	399.567	283.671	466.963	397.879
10.306	439.422	399.505	283.384	466.912	397.771
10.340	439.381	399.522	283.085	466.722	397.900
10.318	439.384	399.565	282.764	466.783	397.900
10.297	439.419	399.494	282.499	466.740	397.833
10.385	439.377	399.579	282.145	466.875	397.921
10.421	439.389	399.517	281.828	466.743	397.867
10.351	439.394	399.376	281.591	466.635	397.813
10.340	439.287	399.556	281.231	466.757	397.887
10.387	439.294	399.596	280.919	466.643	397.848
10.381	439.310	399.615	280.678	466.504	397.780
10.418	439.333	399.456	280.393	466.550	397.857
10.398	439.350	399.481	280.010	466.609	397.935
10.368	439.309	399.621	279.819	466.417	397.858
10.392	439.328	399.468	279.527	466.375	397.879
10.386	439.303	399.409	279.161	466.430	398.013
10.337	439.273	399.573	278.934	466.307	397.882
10.375	439.288	399.602	278.622	466.361	397.926
10.347	439.262	399.537	278.260	466.325	397.982
10.327	439.280	399.563	278.000	466.095	397.825
10.338	439.256	399.573	277.728	466.051	397.775
10.375	439.276	399.414	277.368	466.117	397.922
10.357	439.319	399.470	277.091	465.996	397.811
10.384	439.280	399.614	276.847	465.961	397.787
10.360	439.298	399.422	276.447	465.980	397.853
10.348	439.140	399.583	276.222	465.881	397.893
10.355	439.302	399.439	275.952	465.864	397.773
10.398	439.310	399.497	275.586	465.911	397.879
10.399	439.192	399.496	275.286	465.889	397.946
10.446	439.168	399.315	275.018	465.861	397.734
10.356	439.295	399.439	274.667	465.836	397.854
10.350	439.307	399.457	274.348	465.793	397.909
10.357	439.289	399.627	274.111	465.676	397.738
10.338	439.302	399.463	273.768	465.725	397.885
10.329	439.301	399.451	273.468	465.788	398.024
10.307	439.262	399.556	273.187	465.673	397.772
10.325	439.293	399.421	272.877	465.739	397.932
10.318	439.322	399.441	272.536	465.699	397.975
10.317	439.324	399.441	272.276	465.525	397.778
10.392	439.408	399.343	271.987	465.655	397.908
10.323	439.317	399.423	271.635	465.714	397.954
10.373	439.441	399.554	271.409	465.621	397.874
10.294	439.340	399.437	271.056	465.633	397.874
10.300	439.418	399.431	270.733	465.621	397.932
10.253	439.499	399.404	270.474	465.620	397.815
10.287	439.416	399.437	270.187	465.592	397.796
10.245	439.495	399.392	269.855	465.479	397.926
10.236	439.498	399.381	269.592	465.468	397.850
10.215	439.459	399.485	269.326	465.499	397.773
10.287	439.416	399.437	268.980	465.458	397.890
10.240	439.503	399.411	268.683	465.449	397.860
10.213	439.421	399.313	268.423	465.407	397.755
10.189	439.436	399.310	268.042	465.356	397.832
10.307	439.437	399.490	267.776	465.331	397.856
10.279	439.356	399.443	267.528	465.304	397.722
10.301	439.362	399.496	267.166	465.265	397.903
10.279	439.410	399.426	266.868	465.226	397.854
10.308	439.341	399.477	266.635	465.127	397.762
10.372	439.433	399.367	266.301	465.154	397.778
10.372	439.431	399.415	265.989	465.044	397.864
10.274	439.325	399.430	265.750	465.012	397.802
10.337	439.389	399.337	265.437	464.968	397.787
10.317	439.406	399.363	265.097	464.928	397.891
10.295	439.363	399.326	264.849	464.907	397.815
10.328	439.386	399.373	264.557	464.860	397.785
10.364	439.422	399.403	264.219	464.820	397.917
10.291	439.358	399.297	263.952	464.698	397.815
10.346	439.350	399.553	263.657	464.664	397.758
10.315	439.388	399.380	263.307	464.609	397.920
10.300	439.328	399.512	263.045	464.593	397.875
10.294	439.337	399.295	262.736	464.539	397.762
10.317	439.404	399.410	262.406	464.511	397.937
10.296	439.323	399.530	262.087	464.556	397.826
10.301	439.349	399.308	261.841	464.466	397.822
10.288	439.319	399.518	261.490	464.417	397.956
10.313	439.368	399.585	261.208	464.386	397.899
10.311	439.379	399.397	260.939	464.362	397.813
10.283	439.357	399.332	260.605	464.433	397.975
10.241	439.303	399.478	260.283	464.310	397.937
10.315	439.354	399.536	260.032	464.387	397.848
10.264	439.366	399.310	259.710	464.244	397.909
10.280	439.389	399.380	259.390	464.207	397.970
10.299	439.375	399.355	259.134	464.185	397.854
10.276	439.385	399.351	258.820	464.239	397.915
10.244	439.324	399.507	258.466	464.192	397.965
10.281	439.375	399.332	258.230	464.196	397.919
10.269	439.373	399.338	257.914	464.239	397.866
10.246	439.337	399.490	257.568	464.192	397.959
10.257	439.362	399.532	257.322	464.097	397.929
10.295	439.417	399.404	257.024	464.144	397.832
10.159	439.331	399.564	256.671	464.107	397.940
10.219	439.401	399.485	256.396	464.082	397.898
10.214	439.445	399.299	256.120	464.052	397.800
10.197	439.407	399.480	255.744	464.092	397.973
10.091	439.504	399.498	255.450	463.980	397.843
10.219	439.502	399.546	255.217	463.960	397.797
10.144	439.534	399.267	254.840	464.000	397.914
10.100	439.577	399.336	254.572	463.877	397.881
10.182	439.547	399.343	254.301	463.860	397.768
10.139	439.503	399.207	253.969	463.931	397.896
10.102	439.557	399.335	253.656	463.824	397.869
10.132	439.529	399.273	253.411	463.776	397.767
10.198	439.573	399.367	253.099	463.734	397.815
10.117	439.539	399.280	252.781	463.781	397.856
10.076	439.557	399.347	252.511	463.758	397.743
10.174	439.448	399.318	252.227	463.626	397.841
10.064	439.533	399.354	251.848	463.771	397.909
10.178	439.494	399.474	251.618	463.648	397.787
10.126	439.438	399.279	251.291	463.702	397.786
10.189	439.474	399.342	250.967	463.664	397.895
10.192	439.394	399.359	250.717	463.544	397.789
10.159	439.508	399.499	250.437	463.500	397.735
10.112	439.407	399.254	250.071	463.573	397.883
10.226	439.440	399.437	249.848	463.357	397.860
10.149	439.423	399.474	249.573	463.326	397.792
10.183	439.430	399.520	249.236	463.384	397.937
10.131	439.376	399.420	248.922	463.347	397.931
10.171	439.377	399.353	248.633	463.304	397.744
10.224	439.460	399.580	248.333	463.201	397.872
10.209	439.400	399.429	247.982	463.325	397.884
10.157	439.424	399.392	247.765	463.019	397.775
10.166	439.467	399.530	247.447	463.080	397.848
10.121	439.394	399.456	247.075	463.123	397.834
10.154	439.375	399.377	246.877	463.007	397.823
10.225	439.413	399.453	246.527	463.145	397.799
10.156	439.401	399.502	246.218	462.937	397.880
10.121	439.358	399.330	245.984	462.818	397.802
10.144	439.424	399.492	245.690	462.969	397.829
10.141	439.420	399.509	245.341	462.855	397.829
10.109	439.385	399.462	245.077	462.903	397.874
10.117	439.355	399.347	244.788	462.870	397.810
10.136	439.389	399.401	244.474	462.840	397.863
10.116	439.410	399.474	244.175	462.799	397.885
10.146	439.369	399.411	243.884	462.778	397.792
10.057	439.336	399.313	243.541	462.825	397.835
10.082	439.443	399.314	243.259	462.705	397.898
10.113	439.396	399.396	243.010	462.612	397.725
10.053	439.433	399.343	242.677	462.645	397.871
10.070	439.391	399.385	242.382	462.624	397.880
10.080	439.264	399.252	242.134	462.608	397.811
9.880	439.323	399.664	241.958	462.582	397.762
9.743	439.106	399.507	241.772	462.632	397.841
9.520	439.027	399.739	241.669	462.614	397.869
9.325	439.204	399.706	241.593	462.611	397.893
9.028	439.305	399.312	241.542	462.539	397.871
8.822	439.210	399.474	241.425	462.591	397.885
8.569	439.011	399.796	241.401	462.502	397.931
8.363	438.950	399.518	241.313	462.572	397.870
8.087	439.018	399.620	241.259	462.592	397.807
7.952	439.220	399.383	241.196	462.505	397.787
7.589	439.073	399.412	241.112	462.609	397.742
7.455	438.987	399.512	241.042	462.601	397.751
7.242	438.989	399.722	240.950	462.590	397.719
7.021	439.056	399.606	240.838	462.590	397.763
6.820	439.049	399.482	240.682	462.592	397.755
6.796	439.030	399.434	240.515	462.499	397.791
6.654	439.103	399.422	240.324	462.563	397.759
6.536	439.098	399.479	240.160	462.557	397.737
6.415	439.053	399.663	240.019	462.448	397.812
6.260	438.919	399.737	239.790	462.415	397.828
6.116	439.004	399.678	239.574	462.384	397.841
6.106	438.916	399.797	239.378	462.361	397.809
6.010	438.985	399.733	239.189	462.412	397.805
5.911	439.066	399.732	239.004	462.299	397.857
5.767	439.116	399.392	238.786	462.280	397.843
5.694	439.145	399.442	238.595	462.232	397.867
5.547	439.133	399.387	238.392	462.190	397.822
5.392	438.978	399.511	238.249	462.063	397.812
5.253	438.905	399.783	238.047	462.010	397.738
5.144	438.862	399.867	237.865	461.971	397.705
5.058	438.895	399.924	237.685	461.932	397.699
4.917	438.901	399.834	237.540	461.896	397.675
4.730	438.841	399.624	237.398	461.853	397.707
4.598	438.831	399.452	237.287	461.867	397.651
4.509	438.930	399.448	237.138	461.851	397.600
4.338	438.869	399.704	236.984	461.845	397.621
4.104	438.773	399.896	236.862	461.869	397.652
3.964	438.779	399.947	236.756	461.899	397.738
3.689	438.671	399.639	236.609	461.894	397.743
3.664	438.758	399.761	236.495	461.900	397.759
3.515	438.861	399.471	236.357	462.000	397.748
3.320	438.767	399.596	236.224	461.985	397.752
3.093	438.673	399.470	236.099	461.977	397.769
2.884	438.560	399.713	235.974	461.969	397.815
2.698	438.681	399.771	235.825	462.037	397.869
2.557	438.650	399.649	235.691	462.028	397.781
2.375	438.564	399.566	235.584	461.929	397.867
2.271	438.627	399.348	235.447	461.927	397.815
1.994	438.667	399.480	235.314	461.911	397.789
1.808	438.545	399.778	235.158	461.912	397.782
1.685	438.409	399.665	235.032	461.965	397.784
1.537	438.405	399.658	234.886	461.966	397.911
1.413	438.415	399.640	234.724	461.941	397.798
1.273	438.567	399.296	234.554	461.928	397.763
1.163	438.527	399.430	234.429	461.907	397.752
0.909	438.469	399.506	234.283	461.890	397.786
0.819	438.406	399.615	234.139	461.867	397.820
0.677	438.334	399.906	233.923	461.947	397.841
0.526	438.300	399.726	233.779	461.839	397.769
0.369	438.383	399.675	233.626	461.820	397.790
0.267	438.351	399.727	233.480	461.797	397.796
0.191	438.459	399.464	233.320	461.772	397.803
0.032	438.426	399.415	233.153	461.766	397.855
-0.122	438.461	399.568	232.984	461.747	397.821
-0.355	438.435	399.348	232.804	461.707	397.817
-0.386	438.359	399.855	232.691	461.607	397.891
-0.656	438.338	399.687	232.536	461.589	397.883
-0.720	438.317	399.720	232.383	461.565	397.876
-0.905	438.281	399.637	232.168	461.639	397.805
-0.995	438.500	399.394	232.054	461.522	397.850
-1.093	438.419	399.396	231.884	461.521	397.845
-1.233	438.307	399.595	231.739	461.491	397.851
-1.446	438.189	399.764	231.562	461.550	397.818
-1.550	438.158	399.925	231.438	461.450	397.821
-1.750	438.248	399.767	231.262	461.436	397.803
-1.833	438.145	399.763	231.128	461.415	397.779
-2.050	438.108	399.665	230.982	461.392	397.756
-2.133	438.206	399.437	230.851	461.370	397.789
-2.274	438.161	399.618	230.711	461.360	397.809
-2.459	438.228	399.596	230.565	461.337	397.815
-2.717	437.992	399.806	230.396	461.318	397.782
-2.817	438.002	399.887	230.251	461.210	397.774
-2.972	437.962	399.774	230.110	461.285	397.808
-3.079	437.994	399.779	229.965	461.171	397.772
-3.220	438.071	399.659	229.786	461.255	397.769
-3.303	438.095	399.509	229.664	461.228	397.815
-3.529	438.016	399.623	229.495	461.136	397.797
-3.702	437.960	399.646	229.319	461.201	397.793
-3.849	437.859	399.877	229.215	461.214	397.880
-4.031	437.833	399.777	229.041	461.384	397.939
-4.207	437.836	399.738	228.934	461.187	397.863
-4.254	437.970	399.587	228.772	461.194	397.902
-4.432	437.944	399.469	228.617	461.170	397.867
-4.631	437.900	399.600	228.478	461.154	397.887
-4.766	437.873	399.652	228.332	461.149	397.923
-4.979	437.725	399.886	228.175	461.218	397.903
-5.098	437.695	399.818	228.058	461.118	397.891
-5.240	437.717	399.826	227.883	461.085	397.873
-5.395	437.732	399.840	227.736	461.074	397.880
-5.538	437.774	399.593	227.581	461.069	397.874
-5.680	437.757	399.617	227.430	461.039	397.896
-5.746	437.773	399.650	227.264	461.125	397.955
-5.904	437.751	399.697	227.070	461.189	397.868
-6.078	437.660	400.039	226.917	461.165	397.861
-6.262	437.613	399.909	226.819	460.974	397.856
-6.350	437.626	399.889	226.658	461.041	397.879
-6.540	437.658	399.699	226.505	461.024	397.902
-6.602	437.735	399.587	226.375	460.935	397.950
-6.776	437.657	399.674	226.187	460.988	397.820
-7.054	437.629	399.797	226.031	460.995	397.906
-7.196	437.500	399.918	225.917	460.955	397.874
-7.309	437.450	399.831	225.771	460.938	397.881
-7.499	437.514	399.782	225.611	460.907	397.860
-7.675	437.575	399.678	225.471	460.825	397.897
-7.840	437.555	399.748	225.285	460.908	397.945
-7.940	437.575	399.576	225.135	460.898	397.895
-8.027	437.524	399.621	225.038	460.769	397.875
-8.138	437.522	399.709	224.899	460.758	397.896
-8.410	437.449	399.924	224.700	460.815	397.854
-8.451	437.380	399.930	224.556	460.719	397.905
-8.707	437.396	399.788	224.383	460.719	397.845
-8.819	437.380	399.879	224.250	460.789	397.927
-8.979	437.469	399.640	224.110	460.767	397.920
-9.058	437.432	399.697	224.005	460.649	397.916
-9.218	437.424	399.444	223.821	460.640	397.886
-9.444	437.245	399.910	223.667	460.617	397.880
-9.562	437.210	399.890	223.514	460.605	397.904
-9.709	437.194	399.837	223.342	460.684	397.950
-9.826	437.283	400.008	223.222	460.671	397.925
-9.961	437.288	399.742	223.108	460.552	397.879
-10.139	437.273	399.722	222.920	460.524	397.864
-10.240	437.278	399.709	222.779	460.508	397.857
-10.441	437.235	399.652	222.583	460.570	397.872
-10.629	437.125	399.971	222.456	460.570	397.955
-10.732	437.075	399.944	222.313	460.566	397.920
-10.910	437.053	399.876	222.128	460.618	397.847
-11.076	437.101	399.929	222.025	460.324	397.815
-11.188	437.140	399.747	221.879	460.386	397.837
-11.278	437.176	399.776	221.727	460.368	397.889
-11.443	437.120	399.717	221.512	460.443	397.913
-11.668	437.058	399.626	221.420	460.378	397.928
-11.864	436.929	399.886	221.278	460.435	397.878
-12.006	436.906	399.814	221.110	460.415	397.875
-12.119	436.905	399.809	220.994	460.298	397.802
-12.262	436.946	399.867	220.849	460.292	397.867
-12.364	436.979	399.695	220.640	460.459	397.919
-12.523	436.995	399.681	220.533	460.367	397.979
-12.665	436.984	399.706	220.374	460.350	397.889
-12.882	436.850	399.961	220.213	460.325	397.871
-13.031	436.820	399.974	220.135	460.309	397.810
-13.158	436.839	400.024	219.961	460.202	397.876
-13.313	436.851	399.992	219.800	460.196	397.916
-13.453	436.848	399.904	219.619	460.287	397.950
-13.584	436.868	399.716	219.485	460.273	397.929
-13.740	436.791	399.780	219.352	460.338	397.853
-13.852	436.850	399.742	219.200	460.313	397.877
-14.053	436.741	400.022	219.073	460.205	397.863
-14.137	436.713	399.952	218.913	460.106	397.955
-14.293	436.792	400.049	218.675	460.257	397.955
-14.432	436.775	399.961	218.577	460.260	397.904
-14.600	436.818	399.825	218.449	460.246	397.866
-14.752	436.898	399.757	218.272	460.310	397.836
-14.961	436.846	399.690	218.137	460.281	397.886
-15.100	436.768	399.938	218.023	460.010	397.909
-15.240	436.733	399.914	217.770	460.172	397.911
-15.442	436.715	400.004	217.661	460.068	397.944
-15.644	436.802	399.850	217.523	460.237	397.855
-15.800	436.843	399.659	217.403	460.217	397.802
-15.924	436.735	399.693	217.249	460.193	397.797
-15.983	436.802	399.467	217.075	460.166	397.782
-16.152	436.718	399.700	216.978	459.884	397.831
-16.408	436.630	399.864	216.795	459.961	397.938
-16.498	436.582	399.929	216.646	459.957	397.919
-16.639	436.540	399.810	216.524	459.944	397.867
-16.714	436.453	399.818	216.391	460.009	397.792
-16.871	436.533	399.820	216.219	459.970	397.805
-16.975	436.570	399.810	216.058	459.784	397.763
-17.164	436.495	399.717	215.893	459.857	397.925
-17.277	436.496	399.759	215.747	459.846	397.963
-17.492	436.349	399.968	215.603	459.924	397.848
-17.639	436.383	399.998	215.444	459.992	397.773
-17.649	436.415	400.034	215.328	459.886	397.791
-17.960	436.365	399.958	215.163	459.854	397.818
-18.074	436.358	399.809	215.002	459.848	397.830
-18.171	436.394	399.763	214.813	459.912	397.861
-18.330	436.384	399.767	214.694	459.820	397.852
-18.539	436.304	400.021	214.544	459.797	397.776
-18.713	436.303	400.033	214.426	459.816	397.739
-18.852	436.300	400.041	214.284	459.813	397.734
-18.970	436.308	400.007	214.120	459.769	397.761
-19.127	436.302	399.993	213.950	459.781	397.790
-19.234	436.338	399.793	213.803	459.770	397.800
-19.371	436.361	399.576	213.660	459.755	397.737
-19.525	436.328	399.769	213.540	459.736	397.714
-19.757	436.175	399.956	213.391	459.731	397.695
-19.861	436.197	400.059	213.250	459.701	397.762
-20.018	436.191	400.045	213.071	459.680	397.820
-20.175	436.190	399.984	212.909	459.662	397.804
-20.290	436.223	399.868	212.773	459.665	397.784
-20.373	436.271	399.654	212.645	459.651	397.748
-20.566	436.232	399.772	212.511	459.642	397.727
-20.765	436.102	400.006	212.358	459.624	397.752
-20.931	436.070	399.998	212.163	459.680	397.769
-21.074	436.074	400.025	212.028	459.584	397.836
-21.214	436.076	399.987	211.887	459.569	397.831
-21.370	436.079	400.021	211.750	459.566	397.782
-21.489	436.090	399.778	211.590	459.640	397.707
-21.616	436.147	399.604	211.428	459.615	397.662
-21.757	436.078	399.760	211.272	459.590	397.731
-21.942	435.951	399.987	211.090	459.575	397.733
-22.206	436.063	399.899	210.963	459.474	397.813
-22.299	436.104	399.996	210.811	459.476	397.766
-22.470	436.010	399.928	210.673	459.546	397.703
-22.594	435.979	399.881	210.507	459.522	397.601
-22.759	436.077	399.710	210.357	459.504	397.655
-22.913	436.054	399.905	210.186	459.471	397.698
-23.057	435.934	399.935	210.043	459.386	397.781
-23.208	435.925	399.951	209.882	459.441	397.779
-23.334	435.901	400.019	209.775	459.357	397.741
-23.453	435.827	400.019	209.616	459.419	397.666
-23.559	435.854	400.076	209.462	459.401	397.664
-23.730	435.868	399.862	209.290	459.380	397.707
-23.862	435.865	399.787	209.128	459.353	397.792
-23.990	435.846	399.807	208.981	459.344	397.804
-24.197	435.763	400.015	208.839	459.322	397.771
-24.361	435.804	400.020	208.740	459.239	397.745
-24.502	435.696	400.034	208.599	459.216	397.711
-24.630	435.711	400.038	208.449	459.192	397.766
-24.780	435.698	400.054	208.254	459.260	397.814
-24.890	435.751	399.855	208.120	459.153	397.880
-25.047	435.866	399.843	207.972	459.136	397.863
-25.143	435.761	399.861	207.810	459.212	397.824
-25.356	435.594	399.976	207.714	459.096	397.735
-25.488	435.590	400.064	207.564	459.085	397.689
-25.702	435.553	400.018	207.402	459.047	397.745
-25.813	435.578	400.045	207.233	458.917	397.775
-25.963	435.552	400.013	207.042	458.987	397.779
-26.069	435.613	399.844	206.902	458.880	397.732
-26.248	435.571	399.796	206.787	458.934	397.679
-26.366	435.590	399.811	206.653	458.920	397.660
-26.510	435.499	400.098	206.500	458.811	397.643
-26.686	435.473	400.081	206.343	458.877	397.728
-26.841	435.528	400.035	206.133	458.943	397.750
-26.985	435.472	400.097	206.008	458.862	397.787
-27.144	435.485	400.037	205.916	458.870	397.789
-27.183	435.588	399.751	205.764	458.836	397.686
-27.401	435.482	399.805	205.630	458.826	397.666
-27.589	435.460	400.004	205.491	458.834	397.719
-27.737	435.362	400.052	205.315	458.812	397.807
-27.844	435.428	400.045	205.157	458.799	397.879
-28.055	435.332	400.063	204.998	458.801	397.821
-28.154	435.442	400.051	204.829	458.966	397.812
-28.315	435.520	399.864	204.724	458.789	397.725
-28.460	435.390	399.862	204.608	458.775	397.760
-28.620	435.437	399.739	204.437	458.748	397.805
-28.794	435.326	399.963	204.229	458.736	397.871
-28.939	435.305	399.961	204.043	458.806	397.831
-29.123	435.348	400.011	203.932	458.715	397.838
-29.309	435.379	399.967	203.777	458.784	397.720
-29.421	435.365	399.963	203.666	458.692	397.726
-29.547	435.413	399.789	203.467	458.760	397.689
-29.701	435.533	399.760	203.298	458.739	397.791
-29.862	435.530	399.718	203.139	458.721	397.834
-30.040	435.429	399.961	202.978	458.697	397.820
-30.238	435.346	399.874	202.824	458.791	397.825
-30.353	435.242	399.922	202.765	458.595	397.758
-30.493	435.256	399.933	202.575	458.671	397.662
-30.519	435.385	399.885	202.438	458.556	397.773
-30.688	435.405	399.653	202.228	458.617	397.796
-30.809	435.369	399.817	202.083	458.606	397.837
-31.061	435.186	399.970	201.957	458.592	397.832
-31.159	435.084	399.993	201.858	458.503	397.807
-31.323	435.082	400.018	201.698	458.570	397.734
-31.485	435.068	400.042	201.529	458.550	397.707
-31.583	435.099	400.064	201.376	458.519	397.807
-31.770	435.184	399.940	201.245	458.412	397.933
-31.886	435.227	399.826	201.052	458.476	397.881
-32.090	435.157	400.019	200.922	458.481	397.911
-32.235	435.132	400.018	200.840	458.367	397.820
-32.371	435.103	399.980	200.690	458.351	397.775
-32.525	435.089	400.015	200.542	458.314	397.830
-32.715	435.067	399.958	200.343	458.284	397.881
-32.867	435.065	399.929	200.169	458.276	397.928
-32.942	435.134	399.824	200.018	458.358	397.961
-33.130	435.091	399.766	199.841	458.425	397.834
-33.263	435.038	400.050	199.769	458.220	397.770
-33.392	435.019	400.024	199.652	458.218	397.806
-33.593	434.975	399.924	199.460	458.177	397.841
-33.696	434.993	400.030	199.282	458.156	397.903
-33.926	434.971	399.946	199.127	458.151	397.903
-33.982	435.025	399.863	198.921	458.301	397.860
-34.133	435.045	399.655	198.831	458.127	397.834
-34.265	435.009	399.874	198.724	458.218	397.853
-34.457	434.913	400.078	198.590	458.084	397.801
-34.629	434.876	399.995	198.420	458.081	397.904
-34.730	434.869	400.051	198.241	458.048	397.938
-34.922	434.838	400.012	198.081	458.154	397.987
-35.036	434.864	400.059	197.962	458.135	397.966
-35.228	434.858	400.003	197.824	458.126	397.891
-35.322	434.900	399.893	197.713	458.020	397.805
-35.472	434.928	399.844	197.553	458.000	397.820
-35.643	434.799	400.071	197.361	457.984	397.885
-35.838	434.829	399.967	197.201	458.043	397.915
-35.947	434.756	400.029	197.018	458.129	397.897
-36.132	434.794	399.985	196.909	458.045	397.831
-36.276	434.794	399.967	196.763	458.048	397.772
-36.412	434.892	399.652	196.622	458.011	397.647
-36.578	434.911	399.792	196.459	457.985	397.707
-36.749	434.772	399.971	196.283	457.957	397.798
-36.905	434.741	399.977	196.121	457.957	397.814
-37.046	434.716	399.958	195.946	458.044	397.810
-37.204	434.698	399.965	195.808	458.029	397.734
-37.357	434.719	399.986	195.712	457.918	397.646
-37.488	434.686	399.978	195.582	457.896	397.685
-37.617	434.731	399.871	195.394	457.861	397.778
-37.747	434.724	399.846	195.221	457.847	397.826
-37.951	434.636	400.059	195.072	457.851	397.875
-38.071	434.566	400.013	194.920	457.926	397.846
-38.227	434.621	399.985	194.798	457.913	397.798
-38.341	434.548	400.018	194.674	457.879	397.791
-38.468	434.490	400.107	194.556	457.694	397.810
-38.608	434.465	400.088	194.379	457.667	397.873
-38.738	434.504	399.934	194.221	457.648	397.918
-38.874	434.513	399.929	194.061	457.730	397.939
-39.055	434.413	400.145	193.933	457.716	397.907
-39.201	434.393	400.097	193.789	457.772	397.832
-39.345	434.355	400.048	193.696	457.583	397.788
-39.527	434.312	400.021	193.504	457.627	397.838
-39.681	434.302	400.059	193.350	457.517	397.926
-39.754	434.383	399.936	193.188	457.604	398.021
-39.895	434.374	399.967	193.058	457.591	397.960
-40.136	434.280	400.088	192.891	457.657	397.876
-40.244	434.255	400.132	192.786	457.567	397.867
-40.372	434.248	400.156	192.645	457.425	397.802
-40.547	434.198	400.043	192.452	457.391	397.840
-40.693	434.186	400.044	192.286	457.483	397.979
-40.873	434.228	400.130	192.152	457.486	397.991
-40.967	434.217	400.102	191.993	457.445	397.877
-41.082	434.245	399.987	191.857	457.436	397.831
-41.303	434.158	400.064	191.730	457.426	397.827
-41.459	434.136	400.120	191.596	457.311	397.804
-41.602	434.095	400.071	191.414	457.271	397.884
-41.749	434.094	400.073	191.231	457.349	397.968
-41.858	434.077	400.118	191.079	457.357	397.926
-42.015	434.101	400.159	190.957	457.337	397.877
-42.176	434.113	399.891	190.802	457.417	397.791
-42.344	434.110	399.889	190.727	457.223	397.801
-42.452	434.030	400.179	190.557	457.208	397.878
-42.661	433.993	400.119	190.330	457.294	397.942
-42.749	434.018	400.152	190.135	457.369	397.893
-42.918	434.013	400.101	190.006	457.361	397.860
-43.049	433.953	400.111	189.893	457.343	397.825
-43.210	433.972	400.170	189.759	457.327	397.808
-43.350	434.069	399.987	189.630	457.212	397.771
-43.476	434.019	399.962	189.432	457.200	397.853
-43.699	433.977	400.088	189.225	457.282	397.899
-43.819	433.941	400.141	189.090	457.274	397.883
-43.919	433.866	400.167	188.969	457.267	397.864
-44.121	433.924	400.085	188.835	457.239	397.818
-44.360	433.880	400.009	188.687	457.221	397.804
-44.433	433.901	400.084	188.577	457.024	397.807
-44.491	433.874	399.988	188.371	457.113	397.883
-44.662	433.939	399.970	188.197	457.177	397.916
-44.808	433.762	400.220	188.092	457.165	397.923
-44.968	433.753	400.181	187.962	457.151	397.863
-45.095	433.731	400.156	187.845	457.053	397.858
-45.290	433.831	400.185	187.702	457.031	397.799
-45.398	433.742	400.199	187.544	457.003	397.782
-45.595	433.786	400.213	187.363	457.082	397.897
-45.715	433.709	400.169	187.220	457.059	397.940
-45.857	433.684	400.218	187.072	457.051	397.989
-45.989	433.694	400.196	186.994	456.944	397.885
-46.142	433.651	400.252	186.846	456.914	397.842
-46.286	433.618	400.204	186.698	456.904	397.829
-46.506	433.624	400.118	186.519	456.961	397.879
-46.605	433.616	400.224	186.383	456.873	397.951
-46.741	433.603	400.238	186.189	456.930	397.873
-46.850	433.642	400.087	186.069	456.827	397.841
-47.031	433.611	399.995	185.928	456.923	397.783
-47.201	433.568	400.307	185.827	456.813	397.804
-47.374	433.489	400.146	185.635	456.882	397.784
-47.441	433.485	400.200	185.487	456.753	397.901
-47.626	433.528	400.210	185.305	456.735	397.809
-47.791	433.513	400.256	185.187	456.755	397.776
-47.965	433.490	400.013	185.052	456.729	397.732
-48.112	433.489	400.016	184.952	456.841	397.727
-48.258	433.424	400.216	184.801	456.809	397.728
-48.377	433.398	400.269	184.639	456.710	397.772
-48.588	433.354	400.162	184.430	456.686	397.787
-48.722	433.355	400.157	184.300	456.677	397.828
-48.845	433.345	400.164	184.164	456.680	397.813
-48.999	433.343	400.205	184.038	456.839	397.697
-49.106	433.418	400.085	183.921	456.747	397.722
-49.280	433.356	399.973	183.751	456.734	397.699
-49.459	433.270	400.128	183.598	456.621	397.828
-49.557	433.283	400.333	183.431	456.614	397.863
-49.813	433.251	400.170	183.274	456.675	397.822
-49.831	433.240	400.214	183.099	456.780	397.849
-50.002	433.260	400.214	183.024	456.675	397.733
-50.216	433.223	400.126	182.851	456.661	397.653
-50.285	433.217	400.249	182.669	456.724	397.675
-50.430	433.175	400.268	182.559	456.626	397.786
-50.655	433.132	400.236	182.367	456.601	397.793
-50.823	433.118	400.186	182.243	456.509	397.805
-50.914	433.174	400.172	182.105	456.587	397.707
-51.044	433.181	400.199	181.930	456.647	397.612
-51.189	433.160	400.152	181.791	456.636	397.641
-51.359	433.157	400.219	181.642	456.612	397.701
-51.590	433.222	399.941	181.484	456.599	397.749
-51.626	433.054	400.313	181.341	456.498	397.780
-51.814	433.103	400.339	181.157	456.569	397.672
-51.933	433.069	400.277	181.039	456.550	397.683
-52.160	433.053	400.131	180.905	456.541	397.667
-52.297	432.988	400.115	180.775	456.519	397.709
-52.399	433.063	400.256	180.587	456.509	397.735
-52.466	432.974	400.298	180.429	456.478	397.753
-52.667	433.092	400.067	180.246	456.545	397.811
-52.817	432.961	400.323	180.140	456.452	397.742
-53.027	432.901	400.283	180.022	456.427	397.723
-53.092	432.901	400.388	179.889	456.417	397.737
-53.221	432.862	400.266	179.698	456.395	397.705
-53.404	432.863	400.226	179.535	456.377	397.769
-53.543	432.886	400.242	179.370	456.352	397.804
-53.731	432.915	400.039	179.284	456.257	397.852
-53.862	432.890	400.035	179.101	456.415	397.852
-54.043	432.815	400.258	178.990	456.308	397.769
-54.126	432.799	400.407	178.859	456.203	397.768
-54.319	432.744	400.274	178.702	456.178	397.816
-54.501	432.762	400.283	178.537	456.159	397.852
-54.622	432.745	400.222	178.399	456.143	397.882
-54.756	432.808	400.186	178.243	456.219	397.934
-54.918	432.732	400.200	178.115	456.117	397.826
-54.986	432.790	400.175	177.934	456.169	397.748
-55.133	432.701	400.345	177.788	456.146	397.735
-55.368	432.707	399.989	177.660	456.131	397.807
-55.436	432.644	400.377	177.492	456.116	397.813
-55.638	432.596	400.234	177.379	456.013	397.868
-55.794	432.601	400.228	177.197	456.088	397.854
-56.000	432.621	400.185	177.075	455.986	397.729
-56.070	432.585	400.277	176.917	456.052	397.690
-56.141	432.639	400.153	176.818	455.949	397.741
-56.314	432.642	400.125	176.681	455.940	397.800
-56.498	432.598	400.053	176.497	455.931	397.782
-56.630	432.499	400.331	176.322	455.905	397.776
-56.760	432.501	400.310	176.180	455.896	397.749
-56.919	432.513	400.371	176.055	455.875	397.747
-57.182	432.472	400.132	175.923	455.860	397.761
-57.285	432.476	400.260	175.721	455.932	397.702
-57.387	432.462	400.454	175.586	455.838	397.776
-57.556	432.417	400.307	175.422	455.814	397.812
-57.719	432.399	400.356	175.235	455.889	397.780
-57.835	432.407	400.375	175.117	455.886	397.855
-57.995	432.448	400.256	174.951	455.957	397.803
-58.125	432.366	400.335	174.864	455.775	397.774
-58.296	432.479	400.238	174.658	455.829	397.731
-58.428	432.444	400.301	174.505	455.824	397.765
-58.625	432.405	400.304	174.391	455.733	397.820
-58.665	432.487	400.179	174.191	455.889	397.868
-58.819	432.364	400.405	174.047	455.873	397.812
-59.000	432.420	400.280	173.952	455.678	397.742
-59.132	432.365	400.295	173.807	455.660	397.759
-59.287	432.364	400.289	173.622	455.736	397.756
-59.540	432.324	400.110	173.510	455.638	397.840
-59.555	432.450	400.134	173.332	455.708	397.820
-59.719	432.418	400.134	173.174	455.694	397.905
-59.888	432.412	400.087	173.030	455.672	397.849
-60.076	432.296	400.318	172.903	455.647	397.755
-60.152	432.229	400.332	172.757	455.636	397.773
-60.341	432.204	400.281	172.614	455.612	397.819
-60.472	432.219	400.260	172.502	455.515	397.904
-60.597	432.227	400.269	172.317	455.495	397.857
-60.789	432.204	400.237	172.092	455.642	397.838
-60.999	432.141	400.199	171.989	455.536	397.769
-61.016	432.195	400.143	171.912	455.430	397.831
-61.173	432.065	400.454	171.766	455.412	397.849
-61.333	432.084	400.353	171.574	455.403	397.819
-61.513	432.135	400.213	171.415	455.379	397.840
-61.595	432.120	400.362	171.253	455.456	397.910
-61.740	432.169	400.334	171.081	455.526	397.875
-61.911	432.136	400.255	171.002	455.417	397.845
-62.095	432.101	400.368	170.848	455.315	397.837
-62.282	432.015	400.283	170.671	455.295	397.803
-62.360	432.054	400.380	170.526	455.278	397.822
-62.475	432.049	400.400	170.348	455.342	397.802
-62.652	432.083	400.258	170.188	455.430	397.902
-62.790	432.072	400.226	170.079	455.321	397.913
-62.934	432.060	400.232	169.929	455.310	397.874
-63.084	432.054	400.323	169.798	455.194	397.811
-63.277	431.983	400.259	169.652	455.184	397.830
-63.365	432.030	400.113	169.447	455.220	397.788
-63.537	431.936	400.368	169.369	455.150	397.879
-63.666	431.951	400.397	169.179	455.217	397.927
-63.843	431.946	400.273	169.013	455.199	397.862
-63.938	431.944	400.248	168.911	455.092	397.822
-64.116	431.959	400.240	168.758	455.075	397.828
-64.251	431.911	400.274	168.590	455.144	397.851
-64.412	431.888	400.073	168.480	455.048	397.863
-64.497	431.882	400.175	168.281	455.120	397.898
-64.701	431.788	400.368	168.142	455.099	397.901
-64.861	431.788	400.333	168.003	455.083	397.903
-64.986	431.831	400.326	167.844	455.155	397.866
-65.106	431.826	400.317	167.721	455.046	397.817
-65.323	431.815	400.234	167.549	455.031	397.769
-65.418	431.799	400.276	167.433	454.935	397.796
-65.587	431.748	400.313	167.251	454.998	397.857
-65.721	431.679	400.413	167.134	455.002	397.899
-66.025	431.740	400.233	166.970	455.066	397.877
-65.986	431.724	400.444	166.857	454.969	397.933
-66.277	431.803	400.237	166.670	454.936	397.796
-66.317	431.714	400.314	166.562	454.840	397.836
-66.527	431.731	400.244	166.398	454.905	397.815
-66.613	431.675	400.314	166.230	454.988	397.902
-66.942	431.696	400.232	166.116	454.902	397.958
-66.961	431.665	400.412	165.952	454.883	397.923
-67.114	431.582	400.375	165.789	454.866	397.888
-67.289	431.581	400.299	165.682	454.751	397.865
-67.396	431.626	400.315	165.509	454.828	397.831
-67.578	431.671	400.259	165.363	454.834	397.914
-67.770	431.593	400.197	165.223	454.819	397.918
-67.803	431.552	400.335	165.055	454.787	397.898
-68.053	431.484	400.341	164.908	454.770	397.889
-68.196	431.533	400.377	164.768	454.760	397.892
-68.318	431.514	400.387	164.628	454.732	397.832
-68.546	431.499	400.245	164.527	454.630	397.856
-68.616	431.429	400.291	164.325	454.709	397.864
-68.651	431.458	400.412	164.180	454.687	397.884
-68.883	431.430	400.240	164.024	454.676	397.862
-68.944	431.439	400.327	163.877	454.653	397.852
-69.227	431.376	400.270	163.748	454.642	397.897
-69.258	431.321	400.474	163.601	454.518	397.810
-69.388	431.289	400.472	163.476	454.516	397.840
-69.529	431.313	400.443	163.281	454.585	397.832
-69.754	431.329	400.333	163.105	454.637	397.814
-69.942	431.278	400.233	162.983	454.616	397.843
-70.070	431.290	400.196	162.832	454.591	397.878
-70.224	431.284	400.259	162.727	454.494	397.948
-70.321	431.263	400.320	162.535	454.463	397.755
-70.448	431.202	400.500	162.457	454.375	397.818
-70.775	431.155	400.254	162.254	454.545	397.841
-70.758	431.173	400.394	162.142	454.436	397.897
-70.849	431.201	400.450	161.988	454.424	397.904
-71.035	431.190	400.383	161.828	454.393	397.898
-71.272	431.210	400.213	161.662	454.368	397.909
-71.342	431.177	400.375	161.550	454.254	397.829
-71.680	431.110	400.136	161.392	454.332	397.856
-71.672	431.229	400.398	161.254	454.328	397.889
-71.819	431.099	400.424	161.107	454.330	397.910
-71.911	431.110	400.499	160.938	454.306	397.892
-72.157	431.093	400.335	160.771	454.311	397.932
-72.170	431.112	400.461	160.664	454.291	397.987
-72.525	431.066	400.181	160.552	454.187	397.907
-72.522	431.077	400.348	160.363	454.268	397.913
-72.612	431.115	400.270	160.199	454.257	397.879
-72.898	430.972	400.401	160.045	454.246	397.887
-73.038	431.117	400.422	159.917	454.226	397.932
-73.163	431.112	400.383	159.723	454.306	397.920
-73.330	430.981	400.338	159.611	454.206	397.977
-73.398	431.041	400.447	159.467	454.191	397.924
-73.611	430.893	400.284	159.329	454.188	397.884
-73.666	430.931	400.452	159.138	454.233	397.841
-73.830	430.926	400.387	158.991	454.235	397.862
-73.904	430.931	400.300	158.854	454.217	397.895
-74.159	430.975	400.461	158.703	454.198	397.932
-74.322	430.917	400.429	158.584	454.087	397.976
-74.434	430.891	400.451	158.412	454.165	397.870
-74.535	431.076	400.479	158.311	454.064	397.896
-74.739	430.874	400.376	158.165	454.054	397.916
-74.896	430.869	400.392	157.980	454.116	397.887
-75.077	430.844	400.305	157.867	454.020	397.946
-75.106	430.815	400.610	157.682	453.984	397.975
-75.354	430.954	400.497	157.543	453.995	397.937
-75.469	430.868	400.437	157.370	454.052	397.875
-75.623	430.907	400.416	157.267	454.047	397.813
-75.769	430.776	400.443	157.139	453.956	397.874
-75.836	430.763	400.521	156.943	453.997	397.847
-76.008	430.735	400.445	156.828	453.917	397.834
-76.184	430.707	400.457	156.652	454.006	397.774
-76.282	430.762	400.537	156.523	453.898	397.879
-76.500	430.783	400.456	156.356	453.949	397.802
-76.659	430.792	400.473	156.269	453.871	397.781
-76.845	430.816	400.390	156.122	453.850	397.773
-76.993	430.582	400.354	155.964	453.832	397.798
-77.058	430.569	400.412	155.787	453.895	397.782
-77.239	430.536	400.394	155.636	453.872	397.819
-77.389	430.669	400.354	155.528	453.782	397.862
-77.533	430.629	400.447	155.401	453.755	397.835
-77.601	430.606	400.592	155.274	453.735	397.807
-77.782	430.579	400.507	155.059	453.896	397.834
-77.973	430.566	400.410	154.938	453.781	397.816
-78.134	430.579	400.379	154.806	453.684	397.821
-78.199	430.431	400.456	154.642	453.640	397.832
-78.301	430.354	400.506	154.513	453.655	397.835
-78.413	430.336	400.528	154.385	453.641	397.808
-78.687	430.498	400.431	154.257	453.626	397.781
-78.909	430.429	400.356	154.067	453.696	397.833
-79.007	430.439	400.470	153.939	453.578	397.802
-79.083	430.452	400.519	153.785	453.567	397.811
-79.373	430.376	400.320	153.611	453.541	397.810
-79.421	430.295	400.401	153.484	453.539	397.813
-79.496	430.289	400.517	153.356	453.524	397.786
-79.803	430.395	400.259	153.211	453.519	397.734
-79.977	430.306	400.288	153.045	453.488	397.746
-80.052	430.315	400.403	152.917	453.485	397.822
-80.113	430.354	400.543	152.699	453.526	397.788
-80.288	430.373	400.470	152.598	453.467	397.873
-80.489	430.322	400.382	152.438	453.530	397.810
-80.622	430.325	400.384	152.310	453.529	397.710
-80.712	430.092	400.395	152.199	453.446	397.724
-80.872	430.235	400.427	152.010	453.503	397.776
-81.017	430.273	400.471	151.850	453.495	397.875
-81.133	430.202	400.548	151.692	453.547	397.736
-81.261	430.285	400.612	151.568	453.476	397.784
-81.511	430.367	400.418	151.442	453.372	397.813
-81.687	430.288	400.398	151.304	453.362	397.744
-81.717	430.297	400.502	151.130	453.426	397.685
-81.866	430.260	400.498	150.983	453.402	397.751
-82.038	430.252	400.474	150.798	453.495	397.817
-82.251	430.215	400.394	150.678	453.468	397.773
-82.294	430.197	400.591	150.565	453.372	397.832
-82.548	430.177	400.486	150.388	453.441	397.745
-82.725	430.159	400.432	150.259	453.343	397.744
-82.808	430.112	400.488	150.094	453.422	397.761
-82.917	430.035	400.475	149.928	453.396	397.774
-83.079	430.029	400.462	149.797	453.329	397.912
-83.380	430.157	400.217	149.677	453.258	397.808
-83.294	430.054	400.468	149.523	453.246	397.819
-83.532	430.062	400.453	149.391	453.154	397.790
-83.704	430.117	400.396	149.273	453.123	397.776
-83.947	430.019	400.336	149.107	453.105	397.716
-83.898	429.952	400.526	148.928	453.180	397.810
-84.072	429.915	400.471	148.810	453.058	397.821
-84.219	429.944	400.414	148.652	453.122	397.821
-84.383	430.013	400.368	148.490	453.116	397.819
-84.595	429.876	400.340	148.339	452.992	397.781
-84.702	429.800	400.429	148.226	452.969	397.752
-84.821	429.778	400.491	148.046	453.057	397.773
-84.992	429.877	400.414	147.889	453.027	397.798
-85.238	429.801	400.356	147.733	453.091	397.827
-85.395	429.811	400.307	147.599	452.972	397.813
-85.485	429.692	400.318	147.473	452.982	397.846
-85.529	429.744	400.482	147.338	452.872	397.834
-85.699	429.729	400.390	147.163	452.919	397.746
-85.910	429.736	400.409	147.029	452.929	397.801
-86.101	429.888	400.278	146.832	452.990	397.806
-86.185	429.712	400.422	146.717	452.957	397.856
-86.347	429.616	400.394	146.595	452.852	397.838
-86.399	429.675	400.547	146.422	452.847	397.796
-86.762	429.668	400.293	146.309	452.840	397.796
-86.767	429.653	400.399	146.192	452.828	397.738
-86.820	429.660	400.248	146.041	452.828	397.704
-86.982	429.618	400.525	145.865	452.891	397.827
-87.122	429.663	400.481	145.695	452.877	397.887
-87.361	429.659	400.469	145.568	452.742	397.856
-87.450	429.545	400.547	145.365	452.826	397.806
-87.667	429.547	400.469	145.280	452.752	397.814
-87.635	429.573	400.652	145.155	452.767	397.773
-87.843	429.634	400.483	145.022	452.752	397.764
-88.132	429.577	400.351	144.853	452.841	397.827
-88.140	429.570	400.460	144.692	452.809	397.898
-88.372	429.534	400.427	144.550	452.689	397.872
-88.502	429.513	400.497	144.403	452.690	397.896
-88.652	429.487	400.427	144.280	452.689	397.855
-88.814	429.402	400.468	144.149	452.680	397.801
-88.921	429.550	400.434	143.989	452.759	397.803
-89.127	429.559	400.350	143.808	452.751	397.821
-89.223	429.565	400.396	143.621	452.799	397.840
-89.407	429.482	400.300	143.482	452.679	397.843
-89.405	429.533	400.451	143.358	452.664	397.876
-89.759	429.387	400.366	143.253	452.564	397.846
-89.936	429.421	400.295	143.080	452.647	397.744
-89.938	429.346	400.485	142.930	452.656	397.773
-90.063	429.296	400.536	142.735	452.699	397.780
-90.119	429.327	400.590	142.599	452.675	397.890
-90.461	429.350	400.256	142.468	452.565	397.970
-90.451	429.282	400.438	142.309	452.540	397.860
-90.668	429.291	400.497	142.181	452.526	397.836
-90.822	429.330	400.480	142.080	452.438	397.790
-90.907	429.139	400.626	141.930	452.524	397.834
-91.008	429.133	400.643	141.790	452.485	397.886
-91.245	429.248	400.493	141.615	452.445	397.932
-91.310	429.254	400.554	141.479	452.344	397.920
-91.647	429.264	400.335	141.315	452.321	397.891
-91.632	429.158	400.499	141.201	452.314	397.863
-91.694	429.136	400.558	141.073	452.294	397.838
-92.003	429.106	400.458	140.931	452.364	397.866
-92.078	429.105	400.594	140.743	452.336	397.872
-92.321	429.081	400.485	140.574	452.315	397.932
-92.376	429.070	400.557	140.413	452.266	397.975
-92.509	429.077	400.561	140.301	452.181	397.928
-92.592	429.109	400.582	140.171	452.155	397.874
-92.841	429.113	400.442	140.041	452.141	397.821
-93.146	429.082	400.255	139.873	452.243	397.841
-93.134	429.042	400.469	139.714	452.212	397.839
-93.255	429.028	400.551	139.554	452.181	397.911
-93.390	428.998	400.592	139.401	452.166	397.997
-93.494	428.959	400.646	139.283	452.051	397.937
-93.769	428.990	400.438	139.142	452.055	397.871
-93.754	428.984	400.616	139.026	452.060	397.844
-94.024	428.947	400.424	138.819	452.204	397.785
-94.284	429.112	400.253	138.702	452.126	397.891
-94.436	428.967	400.342	138.542	452.100	397.964
-94.472	428.954	400.419	138.388	452.092	398.050
-94.453	428.907	400.664	138.235	452.066	397.924
-94.869	428.902	400.414	138.081	452.056	397.863
-94.967	428.914	400.480	137.955	452.054	397.794
-95.126	428.915	400.451	137.838	452.061	397.875
-95.261	428.883	400.424	137.704	452.046	397.941
-95.285	428.839	400.527	137.486	452.108	397.940
-95.444	428.886	400.548	137.309	452.086	397.988
-95.592	428.954	400.476	137.195	451.988	397.912
-95.839	428.842	400.458	137.080	451.981	397.885
-95.960	428.824	400.540	136.958	451.963	397.845
-96.168	428.826	400.477	136.788	452.065	397.836
-96.155	428.843	400.587	136.674	451.964	397.868
-96.276	428.837	400.602	136.448	452.021	397.855
-96.605	428.798	400.363	136.304	451.995	397.953
-96.742	428.766	400.355	136.159	451.990	397.979
-96.918	428.718	400.390	136.057	451.883	397.870
-96.945	428.717	400.563	135.915	451.875	397.776
-97.118	428.819	400.490	135.749	451.941	397.767
-97.288	428.721	400.523	135.602	451.925	397.763
-97.346	428.643	400.582	135.442	451.888	397.836
-97.425	428.704	400.634	135.324	451.796	397.988
-97.685	428.662	400.453	135.160	451.757	397.896
-97.858	428.581	400.419	135.026	451.729	397.859
-97.878	428.490	400.589	134.886	451.722	397.795
-98.010	428.465	400.611	134.732	451.796	397.782
-98.341	428.575	400.372	134.660	451.693	397.877
-98.345	428.606	400.581	134.484	451.660	397.926
-98.633	428.584	400.435	134.314	451.646	397.988
-98.685	428.439	400.491	134.148	451.602	397.975
-98.870	428.424	400.499	134.003	451.572	397.863
-98.850	428.411	400.657	133.943	451.470	397.881
-99.067	428.423	400.582	133.773	451.551	397.843
-99.206	428.345	400.611	133.642	451.536	397.865
-99.439	428.319	400.514	133.463	451.510	397.885
-99.438	428.313	400.720	133.298	451.477	397.976
-99.670	428.335	400.587	133.155	451.467	398.031
-99.830	428.395	400.610	133.048	451.363	397.939
-100.042	428.274	400.501	132.910	451.342	397.874
-100.160	428.264	400.496	132.743	451.441	397.821
-100.196	428.231	400.608	132.605	451.412	397.830
-100.303	428.207	400.682	132.458	451.400	397.900
-100.571	428.350	400.503	132.291	451.385	397.991
-100.634	428.221	400.705	132.134	451.360	398.021
-100.910	428.177	400.552	132.013	451.250	397.933
-101.023	428.176	400.579	131.869	451.258	397.840
-101.082	428.229	400.653	131.715	451.334	397.828
-101.392	428.210	400.420	131.575	451.335	397.838
-101.486	428.110	400.522	131.450	451.320	397.917
-101.721	428.149	400.408	131.220	451.363	397.922
-101.733	428.240	400.501	131.054	451.366	397.968
-101.900	428.118	400.602	130.924	451.248	397.838
-102.167	428.103	400.443	130.799	451.362	397.878
-102.171	428.070	400.619	130.683	451.367	397.851
-102.364	428.048	400.547	130.551	451.340	397.844
-102.640	428.074	400.358	130.391	451.252	397.860
-102.700	428.074	400.401	130.176	451.291	397.861
-102.923	428.082	400.365	130.027	451.289	397.933
-103.003	428.023	400.423	129.911	451.294	397.981
-102.952	428.086	400.610	129.841	451.088	397.879
-103.253	428.035	400.493	129.656	451.256	397.861
-103.321	428.050	400.644	129.466	451.343	397.844
-103.517	427.980	400.540	129.348	451.207	397.830
-103.649	427.964	400.564	129.170	451.193	397.880
-103.846	427.924	400.461	129.039	451.182	397.977
-104.000	427.878	400.431	128.933	451.081	398.024
-104.021	427.878	400.566	128.766	451.158	397.907
-104.215	428.029	400.475	128.605	451.163	397.791
-104.407	427.945	400.421	128.470	451.119	397.799
-104.439	427.788	400.654	128.384	451.038	397.856
-104.613	427.832	400.637	128.213	451.010	397.964
-104.870	427.804	400.489	128.049	450.997	398.011
-104.828	427.748	400.669	127.850	451.065	397.919
-105.075	427.715	400.531	127.768	450.968	397.929
-105.254	427.746	400.483	127.611	451.028	397.825
-105.386	427.705	400.525	127.510	451.016	397.904
-105.578	427.657	400.453	127.367	450.986	397.930
-105.648	427.660	400.623	127.221	450.879	397.880
-105.869	427.621	400.538	127.044	450.854	397.931
-105.763	427.631	400.826	126.862	450.922	397.865
-106.080	427.601	400.583	126.812	450.829	397.925
-106.228	427.593	400.635	126.689	450.803	397.856
-106.207	427.609	400.776	126.553	450.788	397.822
-106.400	427.549	400.722	126.395	450.771	397.778
-106.630	427.586	400.572	126.213	450.749	397.846
-106.736	427.571	400.717	126.062	450.737	397.964
-106.875	427.551	400.642	125.932	450.721	397.987
-107.076	427.520	400.629	125.802	450.701	397.936
-107.193	427.555	400.590	125.602	450.781	397.770
-107.140	427.535	400.830	125.498	450.686	397.771
-107.641	427.594	400.386	125.305	450.837	397.785
-107.766	427.517	400.337	125.201	450.742	397.936
-107.850	427.478	400.484	125.054	450.645	397.960
-107.957	427.618	400.540	124.881	450.643	397.921
-108.060	427.460	400.668	124.709	450.712	397.822
-108.186	427.455	400.567	124.632	450.653	397.845
-108.293	427.517	400.590	124.524	450.633	397.802
-108.491	427.426	400.610	124.363	450.711	397.853
-108.547	427.442	400.684	124.196	450.719	397.902
-108.691	427.503	400.664	124.045	450.588	397.912
-109.016	427.505	400.461	123.829	450.658	397.871
-109.056	427.442	400.543	123.686	450.660	397.854
-109.143	427.433	400.691	123.624	450.584	397.873
-109.424	427.380	400.598	123.462	450.646	397.785
-109.644	427.325	400.512	123.275	450.723	397.799
-109.696	427.316	400.567	123.133	450.599	397.778
-109.851	427.492	400.413	122.955	450.594	397.831
-110.071	427.420	400.415	122.849	450.500	397.952
-110.205	427.391	400.459	122.690	450.575	397.924
-110.293	427.420	400.452	122.557	450.560	397.844
-110.560	427.330	400.331	122.367	450.639	397.830
-110.533	427.272	400.557	122.241	450.613	397.808
-110.780	427.359	400.506	122.127	450.517	397.917
-110.855	427.279	400.544	121.971	450.481	397.913
-111.001	427.188	400.632	121.809	450.456	397.962
-111.164	427.267	400.521	121.654	450.459	397.904
-111.275	427.191	400.429	121.519	450.433	397.870
-111.286	427.252	400.609	121.429	450.341	397.868
-111.454	427.150	400.644	121.234	450.505	397.883
-111.683	427.216	400.477	121.136	450.411	397.943
-111.897	427.151	400.424	120.929	450.449	397.959
-111.884	427.070	400.676	120.780	450.322	397.926
-112.137	427.080	400.562	120.609	450.294	397.888
-112.219	427.093	400.673	120.559	450.217	397.948
-112.519	427.012	400.420	120.438	450.187	397.910
-112.544	427.012	400.577	120.266	450.255	397.921
-112.583	427.017	400.693	120.096	450.230	397.882
-112.797	427.016	400.620	119.926	450.197	397.918
-112.823	427.053	400.777	119.812	450.072	397.963
-113.136	427.100	400.601	119.673	450.063	397.976
-113.200	427.033	400.631	119.561	450.051	397.980
-113.294	426.998	400.787	119.413	450.046	397.905
-113.607	426.984	400.577	119.263	450.031	397.876
-113.694	426.848	400.591	119.095	450.097	397.914
-113.721	426.977	400.764	118.932	450.082	397.963
-113.928	426.945	400.653	118.801	449.962	397.984
-114.033	426.979	400.676	118.648	449.951	398.001
-114.267	426.960	400.618	118.494	449.946	397.942
-114.466	426.833	400.573	118.350	449.932	397.897
-114.495	426.766	400.735	118.227	449.924	397.859
-114.827	426.880	400.502	118.067	450.016	397.941
-114.770	426.874	400.705	117.978	449.920	397.979
-114.938	426.850	400.618	117.771	449.874	397.982
-115.146	426.898	400.454	117.570	449.938	397.937
-115.262	426.773	400.593	117.446	449.966	397.930
-115.357	426.718	400.768	117.318	449.951	397.909
-115.648	426.720	400.630	117.256	449.856	397.974
-115.722	426.771	400.665	117.065	449.957	397.961
-115.862	426.817	400.626	116.850	450.014	397.920
-115.942	426.822	400.736	116.682	450.003	397.986
-116.160	426.809	400.615	116.567	449.881	397.958
-116.395	426.758	400.491	116.477	449.814	397.986
-116.547	426.654	400.499	116.348	449.786	397.936
-116.623	426.667	400.641	116.173	449.862	397.809
-116.859	426.763	400.497	116.016	449.944	397.846
-116.869	426.723	400.592	115.898	449.842	397.898
-116.992	426.718	400.699	115.748	449.829	397.943
-117.222	426.679	400.606	115.623	449.709	397.948
-117.268	426.680	400.622	115.431	449.762	397.917
-117.539	426.625	400.454	115.293	449.732	397.855
-117.684	426.748	400.399	115.149	449.721	397.809
-117.721	426.610	400.605	115.000	449.810	397.859
-117.946	426.778	400.415	114.914	449.711	397.960
-118.100	426.679	400.583	114.748	449.692	397.982
-118.160	426.476	400.684	114.533	449.740	397.987
-118.340	426.409	400.625	114.396	449.621	397.951
-118.508	426.496	400.536	114.272	449.615	397.915
-118.578	426.331	400.679	114.161	449.590	397.845
-118.687	426.346	400.688	114.067	449.611	398.013
-118.846	426.529	400.625	113.850	449.637	397.915
-119.130	426.514	400.449	113.670	449.623	397.940
-119.286	426.324	400.603	113.534	449.544	397.890
-119.284	426.469	400.720	113.390	449.523	397.920
-119.436	426.313	400.748	113.314	449.391	398.003
-119.493	426.418	400.770	113.193	449.392	397.922
-119.870	426.360	400.523	112.981	449.536	397.885
-119.766	426.431	400.725	112.817	449.525	397.862
-120.027	426.311	400.604	112.696	449.584	397.872
-120.102	426.352	400.642	112.526	449.519	397.998
-120.450	426.322	400.477	112.471	449.370	397.984
-120.633	426.235	400.457	112.295	449.277	397.946
-120.525	426.206	400.851	112.148	449.262	397.872
-120.715	426.284	400.691	111.949	449.424	397.907
-120.824	426.231	400.826	111.871	449.322	397.947
-120.964	426.168	400.790	111.728	449.298	397.976
-121.048	426.312	400.761	111.512	449.395	397.969
-121.267	426.305	400.643	111.361	449.436	397.929
-121.477	426.238	400.571	111.226	449.327	397.848
-121.574	426.364	400.657	111.097	449.233	397.855
-121.945	426.162	400.533	111.027	449.144	397.908
-121.922	426.181	400.656	110.853	449.229	397.921
-121.996	426.167	400.729	110.675	449.210	397.946
-122.108	426.107	400.813	110.526	449.240	397.979
-122.400	426.073	400.627	110.418	449.136	397.964
-122.591	426.043	400.558	110.281	449.171	397.920
-122.655	426.203	400.514	110.140	449.064	397.931
-122.739	426.133	400.613	109.996	449.047	397.887
-122.811	426.099	400.773	109.773	449.216	397.839
-122.980	425.993	400.830	109.628	449.218	397.869
-123.092	426.123	400.858	109.536	449.127	397.989
-123.321	425.969	400.769	109.396	449.215	397.976
-123.407	425.954	400.780	109.242	449.164	397.901
-123.720	426.060	400.482	109.067	449.154	397.836
-123.753	426.109	400.541	108.923	449.047	397.819
-123.909	425.973	400.608	108.766	449.135	397.857
-123.969	426.065	400.650	108.627	449.128	397.871
-124.263	425.982	400.502	108.533	449.117	397.935
-124.247	425.977	400.790	108.360	449.090	397.944
-124.542	426.019	400.657	108.172	449.041	397.820
-124.616	425.798	400.718	108.026	449.025	397.821
-124.752	426.002	400.638	107.922	449.020	397.840
-124.885	426.006	400.667	107.814	449.037	397.938
-125.009	426.030	400.618	107.620	449.084	397.988
-125.046	425.967	400.841	107.432	448.979	397.922
-125.417	425.970	400.590	107.291	448.962	397.982
-125.424	425.860	400.863	107.148	449.001	397.955
-125.530	425.736	400.945	107.079	448.818	397.959
-125.725	425.846	400.807	106.918	448.881	397.905
-125.832	425.726	400.890	106.744	448.951	397.889
-125.806	425.795	400.957	106.641	448.853	397.893
-126.075	425.811	400.806	106.439	449.014	397.975
-126.232	425.790	400.783	106.363	448.838	397.997
-126.284	425.805	400.928	106.230	448.803	398.040
-126.487	425.766	400.958	106.063	448.772	398.033
-126.822	425.777	400.751	105.906	448.742	397.884
-126.859	425.657	400.853	105.731	448.818	397.869
-126.966	425.691	400.914	105.647	448.728	397.927
-126.970	425.755	400.987	105.518	448.710	397.953
-127.377	425.876	400.654	105.373	448.701	397.985
-127.411	425.871	400.751	105.204	448.687	397.979
-127.576	425.818	400.735	105.014	448.733	397.949
-127.555	425.862	400.948	104.934	448.539	397.913
-127.924	425.629	400.773	104.814	448.525	397.906
-128.003	425.566	400.834	104.657	448.620	397.945
-128.128	425.573	400.893	104.441	448.780	397.957
-128.292	425.615	400.822	104.264	448.767	397.939
-128.343	425.622	400.878	104.152	448.649	397.867
-128.499	425.757	400.816	104.003	448.631	397.915
-128.723	425.753	400.738	103.929	448.558	398.015
-128.855	425.488	400.792	103.798	448.427	397.889
-128.950	425.586	400.897	103.600	448.602	397.880
-129.210	425.471	400.831	103.436	448.597	397.859
-129.354	425.520	400.851	103.312	448.612	398.008
-129.469	425.557	400.813	103.203	448.528	397.995
-129.550	425.447	400.843	103.056	448.510	397.998
-129.709	425.643	400.763	102.855	448.573	397.956
-130.009	425.681	400.601	102.721	448.429	397.847
-130.037	425.672	400.728	102.570	448.539	397.899
-130.235	425.428	400.708	102.419	448.637	397.996
-130.325	425.438	400.830	102.306	448.537	398.034
-130.575	425.361	400.757	102.117	448.592	398.035
-130.581	425.222	400.977	101.987	448.480	397.939
-130.698	425.310	400.905	101.850	448.460	397.954
-130.868	425.364	400.874	101.741	448.336	397.911
-131.073	425.599	400.722	101.607	448.364	397.974
-131.239	425.518	400.727	101.449	448.445	398.059
-131.503	425.557	400.538	101.238	448.490	397.977
-131.611	425.273	400.663	101.154	448.284	397.958
-131.625	425.468	400.793	100.987	448.367	397.921
-131.600	425.212	401.099	100.905	448.266	398.054
-132.002	425.138	400.824	100.699	448.312	397.955
-132.280	425.185	400.646	100.561	448.272	397.941
-132.159	425.343	400.796	100.420	448.256	397.927
-132.265	425.451	400.804	100.223	448.340	397.980
-132.513	425.374	400.712	100.126	448.235	397.934
-132.725	425.359	400.645	100.014	448.149	398.002
-132.936	425.339	400.647	99.872	448.137	397.990
-132.967	425.040	400.838	99.679	448.164	397.976
-133.068	424.995	400.936	99.531	448.148	397.905
-133.127	425.217	400.957	99.402	448.130	397.932
-133.473	425.185	400.690	99.284	448.142	398.066
-133.743	425.199	400.471	99.138	448.126	398.069
-133.625	425.260	400.752	98.971	448.078	397.955
-133.696	425.219	400.825	98.816	448.068	397.946
-133.883	425.073	400.831	98.660	448.063	397.938
-134.250	425.237	400.594	98.533	448.051	397.995
-134.506	425.050	400.584	98.405	448.021	397.947
-134.438	424.888	400.909	98.253	448.039	398.032
-134.481	425.153	400.863	98.089	448.006	398.056
-134.728	425.140	400.735	97.909	448.100	397.980
-134.887	425.141	400.643	97.811	448.000	397.934
-135.005	425.123	400.664	97.731	447.939	398.052
-135.007	425.102	400.843	97.557	447.895	398.034
-135.156	424.889	400.929	97.373	447.945	397.945
-135.365	425.072	400.855	97.188	448.002	398.008
-135.769	424.923	400.656	97.081	447.916	397.952
-135.652	424.770	400.907	96.926	447.897	397.943
-135.817	424.941	400.816	96.823	447.836	397.979
-135.991	424.994	400.736	96.671	447.894	397.939
-136.152	424.993	400.665	96.500	447.857	397.951
-136.254	424.964	400.727	96.355	447.855	397.909
-136.402	425.035	400.769	96.223	447.842	397.863
-136.514	424.880	400.824	96.111	447.867	398.054
-136.724	424.895	400.809	95.955	447.867	398.047
-137.021	424.897	400.648	95.790	447.923	398.011
-136.983	424.592	400.913	95.659	447.791	397.886
-137.079	424.883	400.854	95.531	447.814	397.899
-137.286	424.872	400.729	95.392	447.812	397.916
-137.575	424.944	400.543	95.264	447.797	397.899
-137.636	424.880	400.645	95.055	447.858	397.882
-137.719	424.859	400.729	94.911	447.848	397.916
-137.685	424.749	401.025	94.764	447.843	397.920
-138.016	424.682	400.858	94.666	447.719	397.845
-138.149	424.763	400.834	94.535	447.719	397.874
-138.447	424.690	400.640	94.370	447.667	397.869
-138.254	424.688	400.954	94.221	447.652	397.845
-138.461	424.743	400.882	94.074	447.641	397.849
-138.619	424.757	400.862	93.898	447.739	397.912
-138.728	424.781	400.876	93.808	447.657	397.989
-138.921	424.722	400.850	93.651	447.620	397.842
-139.012	424.664	401.030	93.513	447.577	397.829
-139.096	424.409	401.120	93.354	447.554	397.837
-139.431	424.497	400.862	93.196	447.524	397.845
-139.625	424.672	400.760	93.063	447.509	397.845
-139.681	424.662	400.786	92.888	447.600	397.908
-139.703	424.631	400.893	92.759	447.580	397.937
-139.878	424.597	400.870	92.613	447.564	397.942
-140.027	424.593	400.880	92.511	447.445	397.838
-140.269	424.608	400.784	92.342	447.438	397.835
-140.256	424.501	400.991	92.258	447.336	397.940
-140.342	424.349	401.135	92.112	447.313	397.944
-140.630	424.417	400.912	91.903	447.470	397.942
-140.908	424.453	400.735	91.748	447.454	397.935
-141.039	424.456	400.677	91.592	447.448	397.928
-141.065	424.383	400.843	91.464	447.438	397.912
-141.094	424.446	400.954	91.393	447.242	397.889
-141.240	424.404	400.962	91.194	447.288	397.850
-141.503	424.386	400.884	91.058	447.261	397.866
-141.607	424.253	400.989	90.920	447.279	397.948
-141.647	424.336	401.053	90.769	447.261	397.970
-141.873	424.318	400.927	90.629	447.264	397.988
-141.937	424.295	401.032	90.454	447.309	397.911
-142.258	424.344	400.784	90.339	447.189	397.812
-142.280	424.241	400.928	90.196	447.174	397.846
-142.452	424.249	400.867	90.046	447.179	397.897
-142.523	424.255	401.014	89.906	447.150	397.885
-142.899	424.200	400.846	89.765	447.157	397.983
-142.921	424.043	400.976	89.630	447.141	398.030
-143.178	424.196	400.799	89.434	447.222	397.930
-143.090	424.158	401.053	89.323	447.089	397.860
-143.356	424.158	400.887	89.235	447.019	397.891
-143.500	424.159	400.858	89.056	447.064	397.906
-143.600	424.184	400.883	88.898	447.035	397.916
-143.788	424.210	400.852	88.722	447.140	397.980
-143.742	424.188	401.085	88.567	447.124	397.973
-144.080	424.160	400.942	88.435	447.103	397.974
-144.239	424.056	400.928	88.318	447.015	397.986
-144.348	424.000	400.999	88.239	446.921	397.919
-144.312	424.082	401.165	88.076	446.885	397.945
-144.652	424.092	400.915	87.881	446.915	397.937
-144.727	424.102	400.921	87.704	447.038	398.001
-144.992	424.048	400.792	87.590	446.950	398.042
-145.196	424.098	400.792	87.463	446.936	398.102
-145.195	424.112	400.953	87.271	446.987	398.002
-145.530	423.980	400.756	87.169	446.868	397.898
-145.642	424.073	400.844	87.062	446.789	397.951
-145.807	423.988	400.780	86.914	446.778	398.003
-145.939	423.995	400.723	86.770	446.739	398.008
-145.878	424.017	400.979	86.609	446.833	398.067
-146.140	423.968	400.831	86.417	446.892	398.043
-146.420	423.951	400.714	86.269	446.864	398.020
-146.493	423.904	400.719	86.157	446.753	397.904
-146.579	423.988	400.858	86.060	446.678	397.925
-146.647	423.680	401.067	85.919	446.656	397.959
-146.930	423.856	400.910	85.753	446.677	397.940
-147.051	423.793	400.900	85.573	446.768	398.022
-147.082	423.835	400.961	85.410	446.758	398.003
-147.102	423.837	401.031	85.305	446.694	398.087
-147.406	423.851	400.805	85.181	446.662	398.025
-147.685	423.904	400.650	85.044	446.622	397.933
-147.665	423.766	400.945	84.896	446.600	397.909
-147.771	423.733	401.067	84.745	446.578	397.932
-147.798	423.717	401.216	84.577	446.565	397.930
-148.030	423.614	401.098	84.411	446.658	398.007
-148.346	423.716	400.864	84.269	446.635	398.043
-148.413	423.679	400.919	84.143	446.634	398.057
-148.389	423.684	401.062	83.996	446.618	397.988
-148.486	423.680	401.067	83.893	446.504	397.885
-148.717	423.614	401.040	83.770	446.411	397.960
-149.115	423.715	400.763	83.609	446.387	398.017
-149.158	423.698	400.870	83.447	446.428	397.983
-149.209	423.553	401.060	83.258	446.551	398.083
-149.495	423.600	400.876	83.105	446.523	398.077
-149.567	423.547	400.900	83.026	446.333	397.997
-149.870	423.561	400.693	82.904	446.320	397.965
-149.998	423.639	400.632	82.768	446.293	397.983
-150.056	423.703	400.712	82.558	446.345	397.980
-150.022	423.602	400.940	82.416	446.323	398.016
-150.370	423.620	400.772	82.209	446.433	398.062
-150.501	423.597	400.824	82.120	446.356	398.141
-150.617	423.569	400.847	82.007	446.330	398.121
-150.771	423.552	400.828	81.882	446.317	398.060
-150.732	423.505	401.069	81.737	446.264	397.955
-151.102	423.552	400.681	81.555	446.266	397.959
-151.177	423.392	400.710	81.438	446.156	398.017
-151.368	423.536	400.717	81.276	446.239	398.124
-151.340	423.522	400.948	81.133	446.230	398.161
-151.535	423.411	400.983	80.955	446.306	398.087
-151.818	423.433	400.779	80.832	446.292	398.055
-151.958	423.409	400.840	80.746	446.094	397.962
-152.048	423.416	400.877	80.609	446.078	397.981
-152.140	423.421	400.862	80.424	446.145	398.016
-152.442	423.420	400.656	80.241	446.215	398.115
-152.519	423.437	400.754	80.077	446.211	398.098
-152.645	423.425	400.767	79.929	446.217	398.106
-152.677	423.311	400.941	79.799	446.195	398.062
-152.808	423.319	400.975	79.714	446.205	398.062
-152.966	423.303	400.997	79.588	446.049	397.968
-153.169	423.174	400.931	79.419	446.030	398.013
-153.094	423.155	401.234	79.251	446.016	398.013
-153.580	423.383	400.719	79.052	446.085	398.088
-153.507	423.281	400.970	78.892	446.197	398.179
-153.830	423.316	400.745	78.784	446.084	398.094
-154.063	423.257	400.629	78.683	446.078	398.070
-153.886	423.235	401.010	78.542	446.086	398.015
-153.959	423.171	401.144	78.394	445.917	397.959
-154.368	423.149	400.882	78.312	445.840	398.096
-154.485	423.168	400.887	78.071	445.991	398.125
-154.551	423.148	400.924	77.925	445.974	398.132
-154.590	423.173	401.064	77.774	445.972	398.112
-154.755	423.144	401.055	77.632	445.955	398.027
-155.085	423.155	400.819	77.530	445.852	398.035
-155.231	423.086	400.869	77.457	445.744	397.953
-155.321	423.145	400.888	77.259	445.749	398.008
-155.147	423.076	401.326	77.067	445.835	398.095
-155.596	423.118	400.934	76.941	445.786	398.128
-155.818	423.026	400.920	76.764	445.862	398.211
-155.830	422.972	401.058	76.673	445.753	398.105
-155.903	423.024	401.118	76.537	445.801	398.062
-155.928	422.993	401.247	76.420	445.880	397.940
-156.253	422.995	400.990	76.282	445.661	397.909
-156.489	422.936	400.895	76.094	445.619	397.947
-156.610	422.936	400.941	75.969	445.628	398.119
-156.781	422.879	400.920	75.770	445.797	398.162
-156.886	422.858	401.045	75.664	445.698	398.109
-157.032	422.936	400.983	75.526	445.712	398.038
-157.232	422.851	400.950	75.368	445.713	397.959
